City_ID,City,Lat,Lng,Max Temp,Humidity,Cloudiness,Wind Speed,Country,Date
0,Busselton,-33.65,115.33,66.99,62,76,8.01,AU,2020-10-27 03:26:57
1,Mataura,-46.19,168.86,57.99,65,75,8.01,NZ,2020-10-27 03:30:02
2,Bredasdorp,-34.53,20.04,62.6,93,40,2.24,ZA,2020-10-27 03:30:02
3,Toora-Khem,52.47,96.11,35.4,72,61,3.02,RU,2020-10-27 03:30:03
4,Kamaishi,39.27,141.88,62.6,51,40,1.12,JP,2020-10-27 03:30:03
5,Thompson,55.74,-97.86,21.2,62,40,5.82,CA,2020-10-27 03:30:04
6,Yagodnoye,62.55,149.67,15.93,91,0,0.65,RU,2020-10-27 03:30:05
7,Alice Springs,-23.7,133.88,80.6,13,0,8.05,AU,2020-10-27 03:25:36
8,Kavieng,-2.57,150.8,85.28,60,20,4.56,PG,2020-10-27 03:30:06
9,San Patricio,28.02,-97.52,78.01,83,20,12.75,US,2020-10-27 03:25:59
10,Winslow,35.02,-110.7,30.2,54,40,12.75,US,2020-10-27 03:30:07
11,Qaanaaq,77.48,-69.36,8.67,78,96,9.08,GL,2020-10-27 03:30:07
12,Kahului,20.89,-156.47,86.0,58,40,5.82,US,2020-10-27 03:28:10
13,Cabedelo,-6.98,-34.83,77.0,88,0,6.93,BR,2020-10-27 03:25:30
14,Bondoukou,8.03,-2.8,70.81,85,16,3.06,CI,2020-10-27 03:30:08
15,Saint-Philippe,-21.36,55.77,75.2,73,90,3.36,RE,2020-10-27 03:30:08
16,Corrente,-3.74,-43.34,75.34,88,4,2.86,BR,2020-10-27 03:30:08
17,Viedma,-40.81,-63.0,64.51,28,100,4.94,AR,2020-10-27 03:30:09
18,Laguna,38.42,-121.42,66.99,10,1,8.05,US,2020-10-27 03:25:44
19,Albany,42.6,-73.97,51.01,89,100,1.81,US,2020-10-27 03:29:19
20,Margate,51.38,1.39,51.01,89,11,1.99,GB,2020-10-27 03:30:10
21,Provideniya,64.38,-173.3,32.0,92,90,4.47,RU,2020-10-27 03:30:10
22,Ambilobe,-13.2,49.05,78.24,57,0,4.12,MG,2020-10-27 03:30:11
23,Flinders,-34.58,150.86,71.01,63,75,14.99,AU,2020-10-27 03:30:11
24,Sola,-13.88,167.55,86.0,70,75,11.41,VU,2020-10-27 03:30:12
25,Hobyo,5.35,48.53,79.09,79,79,6.11,SO,2020-10-27 03:30:12
26,Puerto Leguizamo,-0.19,-74.78,75.7,80,20,0.49,CO,2020-10-27 03:30:13
27,Spirit River,55.78,-118.84,46.0,70,75,31.09,CA,2020-10-27 03:30:13
28,Rikitea,-23.12,-134.97,75.54,86,100,15.08,PF,2020-10-27 03:30:13
29,Upernavik,72.79,-56.15,17.6,83,41,4.88,GL,2020-10-27 03:30:14
30,Punta Arenas,-53.15,-70.92,41.0,70,20,20.8,CL,2020-10-27 03:30:14
31,Busko-Zdroj,50.47,20.72,53.01,87,73,3.0,PL,2020-10-27 03:30:14
32,Ushuaia,-54.8,-68.3,46.4,42,20,13.87,AR,2020-10-27 03:26:54
33,Jamestown,42.1,-79.24,43.0,100,90,2.68,US,2020-10-27 03:30:15
34,Hermanus,-34.42,19.23,59.0,88,28,1.86,ZA,2020-10-27 03:30:15
35,Okato,-39.2,173.88,60.01,89,100,7.0,NZ,2020-10-27 03:30:16
36,Asau,46.43,26.4,46.99,98,0,2.86,RO,2020-10-27 03:30:16
37,Port Alfred,-33.59,26.89,67.35,85,68,24.61,ZA,2020-10-27 03:25:35
38,Coihaique,-45.58,-72.07,39.2,86,75,3.36,CL,2020-10-27 03:30:17
39,Cape Town,-33.93,18.42,61.0,93,20,8.05,ZA,2020-10-27 03:28:44
40,Butaritari,3.07,172.79,81.7,65,6,8.05,KI,2020-10-27 03:30:17
41,Sadon,42.85,44.0,46.0,100,2,2.24,RU,2020-10-27 03:30:18
42,Lebu,-37.62,-73.65,51.12,92,100,9.42,CL,2020-10-27 03:30:18
43,San Cristobal,7.77,-72.22,66.56,90,15,2.21,VE,2020-10-27 03:30:19
44,Tekit,20.53,-89.33,81.0,83,90,10.29,MX,2020-10-27 03:30:19
45,Rabat,33.99,-6.84,55.0,87,0,6.93,MA,2020-10-27 03:30:19
46,Falmouth,50.15,-5.07,50.0,93,100,20.8,GB,2020-10-27 03:30:20
47,Pangnirtung,66.15,-65.71,7.02,82,2,6.64,CA,2020-10-27 03:30:20
48,Esperance,-33.87,121.9,80.6,42,0,4.7,AU,2020-10-27 03:25:58
49,Port Elizabeth,-33.92,25.57,64.4,93,20,12.75,ZA,2020-10-27 03:30:21
50,Georgetown,5.41,100.34,86.0,70,20,3.36,MY,2020-10-27 03:30:13
51,Taywarah,33.35,64.42,49.17,35,0,1.52,AF,2020-10-27 03:30:21
52,Yeppoon,-23.13,150.73,84.2,54,40,8.05,AU,2020-10-27 03:30:22
53,Komsomolskiy,40.43,71.72,48.2,39,0,4.7,UZ,2020-10-27 03:30:22
54,Belyy Yar,53.6,91.39,37.4,100,100,3.02,RU,2020-10-27 03:30:23
55,Corinto,37.94,22.96,60.01,82,0,4.52,GR,2020-10-27 03:26:45
56,Palairos,38.78,20.88,57.2,93,20,3.36,GR,2020-10-27 03:30:23
57,Manoel Urbano,-8.84,-69.26,73.51,95,76,1.97,BR,2020-10-27 03:30:24
58,Arraial Do Cabo,-22.97,-42.03,71.92,88,5,10.71,BR,2020-10-27 03:30:24
59,Muroto,33.28,134.15,71.6,60,20,6.93,JP,2020-10-27 03:30:25
60,Ixtapa,20.7,-105.2,84.99,83,75,0.78,MX,2020-10-27 03:30:25
61,Avarua,-21.21,-159.78,69.8,94,100,5.82,CK,2020-10-27 03:30:25
62,Marawi,8.0,124.29,84.0,79,89,7.0,PH,2020-10-27 03:30:25
63,Tilichiki,60.47,166.1,31.78,95,100,6.4,RU,2020-10-27 03:30:26
64,Waingapu,-9.66,120.26,87.69,57,46,11.83,ID,2020-10-27 03:30:27
65,Khatanga,71.97,102.5,3.18,94,88,9.8,RU,2020-10-27 03:30:27
66,Hithadhoo,-0.6,73.08,83.53,66,49,8.48,MV,2020-10-27 03:30:27
67,Acarau,-2.89,-40.12,77.95,84,22,9.73,BR,2020-10-27 03:30:28
68,Saint George,37.1,-113.58,44.6,12,1,31.09,US,2020-10-27 03:28:07
69,Pringsewu,-5.36,104.97,75.92,88,100,6.64,ID,2020-10-27 03:26:24
70,Ponta Do Sol,32.67,-17.1,66.2,68,20,11.41,PT,2020-10-27 03:30:28
71,Nioro,13.35,-15.75,75.06,90,0,4.79,GM,2020-10-27 03:30:29
72,Luderitz,-26.65,15.16,56.34,89,1,14.45,NA,2020-10-27 03:30:29
73,Ballina,-28.87,153.57,71.6,73,75,12.75,AU,2020-10-27 03:30:29
74,Tres Arroyos,-38.37,-60.28,55.08,57,2,12.88,AR,2020-10-27 03:30:29
75,Los Llanos De Aridane,28.66,-17.92,69.8,64,0,9.17,ES,2020-10-27 03:30:30
76,Anloga,5.79,0.9,78.8,88,20,6.93,GH,2020-10-27 03:30:30
77,Dingle,11.0,122.67,85.68,73,90,9.86,PH,2020-10-27 03:30:30
78,La Ronge,55.1,-105.28,24.8,68,75,5.82,CA,2020-10-27 03:30:31
79,Mpika,-11.83,31.45,64.26,71,67,8.9,ZM,2020-10-27 03:30:31
80,Wakkanai,45.41,141.67,51.8,62,20,3.36,JP,2020-10-27 03:30:31
81,Kieta,-6.22,155.63,84.94,66,53,3.18,PG,2020-10-27 03:30:32
82,Xinpu,34.6,119.16,69.66,46,99,7.29,CN,2020-10-27 03:30:32
83,Tyukalinsk,55.87,72.2,42.19,90,100,10.65,RU,2020-10-27 03:30:33
84,Kathu,7.92,98.33,88.0,94,90,12.75,TH,2020-10-27 03:30:33
85,Freeport,40.66,-73.58,57.99,100,90,1.66,US,2020-10-27 03:30:33
86,Castro,-24.79,-50.01,61.18,96,85,4.16,BR,2020-10-27 03:30:33
87,Okha,53.57,142.95,42.4,71,87,8.66,RU,2020-10-27 03:30:34
88,Nanortalik,60.14,-45.24,32.22,93,95,17.36,GL,2020-10-27 03:30:34
89,Fortuna,40.6,-124.16,48.99,76,1,4.7,US,2020-10-27 03:30:34
90,Barrow,71.29,-156.79,19.4,85,90,10.29,US,2020-10-27 03:30:35
91,Farmington,36.73,-108.22,26.6,63,90,8.05,US,2020-10-27 03:30:35
92,Pisco,-13.7,-76.22,63.0,77,0,6.93,PE,2020-10-27 03:30:36
93,Leningradskiy,69.38,178.42,23.22,93,100,14.32,RU,2020-10-27 03:30:36
94,Maniitsoq,65.42,-52.9,23.09,89,22,9.22,GL,2020-10-27 03:30:36
95,Tura,25.52,90.22,82.2,66,77,1.32,IN,2020-10-27 03:30:36
96,Buala,-8.14,159.59,83.1,76,97,5.17,SB,2020-10-27 03:30:37
97,Nome,64.5,-165.41,32.0,94,40,9.17,US,2020-10-27 03:30:37
98,New Norfolk,-42.78,147.06,60.01,49,77,4.0,AU,2020-10-27 03:30:37
99,Saskylakh,71.92,114.08,-0.69,91,92,5.55,RU,2020-10-27 03:30:38
100,Iquique,-20.22,-70.14,62.6,72,90,4.7,CL,2020-10-27 03:30:38
101,Nouadhibou,20.93,-17.03,75.2,60,0,16.11,MR,2020-10-27 03:30:38
102,Ribeira Grande,38.52,-28.7,68.0,85,86,11.43,PT,2020-10-27 03:30:39
103,Narsaq,60.92,-46.05,33.8,50,82,11.41,GL,2020-10-27 03:30:39
104,Sao Filipe,14.9,-24.5,79.29,79,97,10.49,CV,2020-10-27 03:30:40
105,Westport,41.14,-73.36,59.0,93,90,4.7,US,2020-10-27 03:30:40
106,Carnarvon,-24.87,113.63,78.8,54,0,24.16,AU,2020-10-27 03:30:40
107,Kuyanovo,55.8,54.54,28.08,90,0,12.26,RU,2020-10-27 03:30:41
108,Torbay,47.67,-52.73,39.0,64,90,9.17,CA,2020-10-27 03:30:41
109,Gouyave,12.16,-61.73,78.8,94,75,13.87,GD,2020-10-27 03:30:41
110,Oistins,13.07,-59.53,80.6,78,75,21.92,BB,2020-10-27 03:30:42
111,Bengkulu,-3.8,102.27,83.01,65,100,3.58,ID,2020-10-27 03:30:42
112,Dikson,73.51,80.55,10.6,95,84,17.78,RU,2020-10-27 03:30:42
113,Tuatapere,-46.13,167.68,57.99,65,49,7.0,NZ,2020-10-27 03:30:43
114,Deep River,46.1,-77.5,35.6,97,90,6.93,CA,2020-10-27 03:30:43
115,Severo-Kurilsk,50.68,156.12,44.96,82,94,5.14,RU,2020-10-27 03:30:43
116,Tazovskiy,67.47,78.7,-1.82,92,0,6.8,RU,2020-10-27 03:25:54
117,Kodiak,57.79,-152.41,48.2,49,1,23.04,US,2020-10-27 03:30:44
118,Northam,51.03,-4.22,48.0,93,100,8.01,GB,2020-10-27 03:30:44
119,Labuhan,-6.88,112.21,88.79,56,100,2.89,ID,2020-10-27 03:30:44
120,Chokurdakh,70.63,147.92,6.55,95,100,8.95,RU,2020-10-27 03:30:45
121,Mar Del Plata,-38.0,-57.56,54.0,87,0,5.82,AR,2020-10-27 03:30:45
122,Cherskiy,68.75,161.3,6.4,94,83,8.37,RU,2020-10-27 03:30:46
123,Bethel,41.37,-73.41,54.0,100,90,2.33,US,2020-10-27 03:30:46
124,Hofn,64.25,-15.21,37.22,76,82,14.85,IS,2020-10-27 03:30:46
125,Dunedin,-45.87,170.5,54.0,65,45,8.99,NZ,2020-10-27 03:30:47
126,Knysna,-34.04,23.05,59.0,100,90,11.41,ZA,2020-10-27 03:30:47
127,Atar,20.52,-13.05,83.97,20,100,9.46,MR,2020-10-27 03:30:47
128,Cidreira,-30.18,-50.21,64.9,93,100,14.12,BR,2020-10-27 03:30:47
129,Souillac,-20.52,57.52,75.2,69,40,11.41,MU,2020-10-27 03:30:48
130,Hamilton,39.18,-84.53,48.2,81,90,5.82,US,2020-10-27 03:30:02
131,Abu Kamal,34.45,40.92,63.46,28,0,4.27,SY,2020-10-27 03:30:48
132,Chuy,-33.7,-53.46,56.08,79,97,11.86,UY,2020-10-27 03:30:49
133,Taunggyi,20.78,97.03,77.43,70,0,1.21,MM,2020-10-27 03:30:49
134,Picota,-6.92,-76.33,76.26,78,93,0.69,PE,2020-10-27 03:30:49
135,Verkhnyaya Sinyachikha,57.98,61.67,25.7,95,100,15.97,RU,2020-10-27 03:30:50
136,Puerto Ayora,-0.74,-90.35,68.0,92,55,1.01,EC,2020-10-27 03:30:50
137,Paita,-5.09,-81.11,63.75,90,15,8.93,PE,2020-10-27 03:30:51
138,Hambantota,6.12,81.12,84.2,79,75,4.7,LK,2020-10-27 03:30:51
139,Taybad,34.74,60.78,62.76,26,0,6.89,IR,2020-10-27 03:30:52
140,Rawson,-43.3,-65.1,60.37,42,98,11.72,AR,2020-10-27 03:30:52
141,Yellowknife,62.46,-114.35,21.2,79,90,16.11,CA,2020-10-27 03:30:52
142,Mehamn,71.04,27.85,37.92,76,41,9.42,NO,2020-10-27 03:30:53
143,Bambous Virieux,-20.34,57.76,77.0,69,40,11.41,MU,2020-10-27 03:30:53
144,Kandi,11.13,2.94,72.55,36,17,2.08,BJ,2020-10-27 03:30:54
145,Kaitangata,-46.28,169.85,55.0,68,10,8.01,NZ,2020-10-27 03:30:54
146,Chicama,-7.84,-79.15,64.17,81,100,5.06,PE,2020-10-27 03:30:54
147,Coffs Harbour,-30.3,153.13,71.6,68,40,12.75,AU,2020-10-27 03:30:54
148,Pokaran,26.92,71.92,83.46,14,0,2.95,IN,2020-10-27 03:30:55
149,Buraydah,26.33,43.98,57.2,41,0,2.24,SA,2020-10-27 03:30:55
150,Naze,28.37,129.48,80.6,54,40,10.29,JP,2020-10-27 03:26:26
151,Ayorou,14.73,0.92,77.52,17,47,3.85,NE,2020-10-27 03:30:55
152,Itoman,26.12,127.67,82.4,54,40,14.99,JP,2020-10-27 03:30:56
153,Haines Junction,60.75,-137.51,31.24,94,7,5.1,CA,2020-10-27 03:30:56
154,Palmer,42.16,-72.33,51.01,100,90,2.84,US,2020-10-27 03:30:56
155,Horta,38.53,-28.63,67.77,85,90,10.76,PT,2020-10-27 03:30:57
156,Norman Wells,65.28,-126.83,24.8,73,75,19.46,CA,2020-10-27 03:30:57
157,Shirokiy,49.76,129.52,47.23,59,95,12.66,RU,2020-10-27 03:30:57
158,Lakselv,70.05,24.97,32.0,96,58,16.11,NO,2020-10-27 03:30:58
159,Tuktoyaktuk,69.45,-133.04,10.4,78,20,12.75,CA,2020-10-27 03:26:04
160,San Juan Del Cesar,10.77,-73.0,73.27,85,29,4.83,CO,2020-10-27 03:30:58
161,Verkhnevilyuysk,63.45,120.32,12.85,87,95,4.59,RU,2020-10-27 03:26:13
162,Vaini,-21.2,-175.2,77.0,78,40,9.17,TO,2020-10-27 03:30:59
163,Hailar,49.2,119.7,31.05,86,0,19.62,CN,2020-10-27 03:30:59
164,Warrington,53.39,-2.58,46.4,87,29,10.29,GB,2020-10-27 03:29:59
165,Tomatlan,19.93,-105.25,78.28,88,85,2.17,MX,2020-10-27 03:31:00
166,Vieste,41.88,16.18,62.01,87,20,8.05,IT,2020-10-27 03:31:00
167,Codrington,-38.27,141.97,58.06,82,81,13.31,AU,2020-10-27 03:31:00
168,Bandarbeyla,9.49,50.81,75.52,70,65,10.47,SO,2020-10-27 03:31:01
169,Atuona,-9.8,-139.03,78.87,73,37,22.3,PF,2020-10-27 03:31:01
170,Kuli,42.02,47.24,48.2,87,0,2.24,RU,2020-10-27 03:31:01
171,Salalah,17.02,54.09,73.4,60,0,2.24,OM,2020-10-27 03:31:02
172,Longyearbyen,78.22,15.64,23.23,93,3,5.28,SJ,2020-10-27 03:26:51
173,Cabo San Lucas,22.89,-109.91,80.6,73,20,11.41,MX,2020-10-27 03:26:32
174,Sainte-Rose,16.33,-61.7,77.0,88,40,2.24,GP,2020-10-27 03:31:02
175,Ilo,-17.64,-71.34,61.93,77,61,3.2,PE,2020-10-27 03:31:03
176,Nyurba,63.28,118.33,17.01,83,73,2.42,RU,2020-10-27 03:31:03
177,Porto Novo,6.5,2.6,80.6,88,40,9.17,BJ,2020-10-27 03:31:04
178,Kewanee,41.25,-89.92,34.0,77,92,7.31,US,2020-10-27 03:31:04
179,Skibbereen,51.55,-9.27,50.0,100,90,16.11,IE,2020-10-27 03:31:05
180,San Bartolome,27.92,-15.57,71.6,68,75,13.87,ES,2020-10-27 03:31:05
181,Uusikaupunki,60.8,21.41,51.8,93,90,10.29,FI,2020-10-27 03:31:05
182,Klaksvik,62.23,-6.59,33.8,64,62,5.82,FO,2020-10-27 03:31:05
183,Inta,66.03,60.17,15.96,92,100,5.19,RU,2020-10-27 03:31:06
184,Hobart,-42.88,147.33,60.01,58,75,11.41,AU,2020-10-27 03:29:09
185,Newport,51.59,-3.0,48.0,97,84,1.01,GB,2020-10-27 03:28:46
186,Rostock,54.09,12.14,46.4,93,75,5.82,DE,2020-10-27 03:31:06
187,Sardarshahr,28.43,74.48,79.21,16,0,0.67,IN,2020-10-27 03:31:07
188,Den Helder,52.96,4.76,53.01,76,20,16.11,NL,2020-10-27 03:31:07
189,Bluff,-46.6,168.33,57.99,65,15,7.0,NZ,2020-10-27 03:31:07
190,Binga,-17.62,27.34,74.55,43,0,4.43,ZW,2020-10-27 03:31:07
191,Pandan,14.05,124.17,83.14,74,100,3.38,PH,2020-10-27 03:31:08
192,Saint-Joseph,-21.37,55.62,75.2,73,90,3.36,RE,2020-10-27 03:31:08
193,Port Maria,18.37,-76.89,75.0,95,96,11.07,JM,2020-10-27 03:31:08
194,Tsagan Aman,47.56,46.72,42.96,62,100,7.18,RU,2020-10-27 03:31:08
195,Takhtamygda,54.1,123.57,31.86,97,100,10.07,RU,2020-10-27 03:31:08
196,Kapaa,22.08,-159.32,73.4,88,90,6.93,US,2020-10-27 03:31:09
197,Yueyang,29.33,113.09,71.89,51,73,6.53,CN,2020-10-27 03:31:09
198,Fort Morgan,40.25,-103.8,6.8,84,1,3.36,US,2020-10-27 03:31:09
199,Comodoro Rivadavia,-45.87,-67.5,55.4,35,0,21.92,AR,2020-10-27 03:30:01
200,Ahipara,-35.17,173.17,67.68,74,78,7.4,NZ,2020-10-27 03:31:09
201,Zhuhai,22.28,113.57,86.0,74,20,11.41,CN,2020-10-27 03:31:10
202,Jalu,29.03,21.55,64.31,63,0,3.83,LY,2020-10-27 03:31:10
203,Houma,29.6,-90.72,70.0,94,1,4.7,US,2020-10-27 03:30:52
204,East London,-33.02,27.91,67.53,83,49,20.71,ZA,2020-10-27 03:31:11
205,Sokolo,14.73,-6.12,76.14,17,23,6.91,ML,2020-10-27 03:31:11
206,Bundaberg,-24.85,152.35,81.0,65,40,13.87,AU,2020-10-27 03:31:11
207,Saint-Georges,12.06,-61.75,78.8,94,75,13.87,GD,2020-10-27 03:31:11
208,Hilo,19.73,-155.09,75.2,88,90,10.29,US,2020-10-27 03:30:17
209,Ocos,14.51,-92.19,78.8,100,40,4.7,GT,2020-10-27 03:31:12
210,Rabak,13.18,32.74,80.42,28,0,6.44,SD,2020-10-27 03:31:12
211,Luanda,-8.84,13.23,77.0,83,75,4.7,AO,2020-10-27 03:29:36
212,Kalmunai,7.42,81.82,85.98,59,17,3.09,LK,2020-10-27 03:31:13
213,San Martin,-33.08,-68.47,62.6,39,0,7.31,AR,2020-10-27 03:31:13
214,Urucurituba,-2.68,-57.67,79.68,72,11,1.3,BR,2020-10-27 03:31:13
215,Ilulissat,69.22,-51.1,17.6,78,100,4.7,GL,2020-10-27 03:31:14
216,Baruun-Urt,46.68,113.28,35.64,60,0,11.83,MN,2020-10-27 03:31:14
217,Biak,-0.91,122.88,86.07,59,89,4.7,ID,2020-10-27 03:31:14
218,Juneau,58.3,-134.42,48.99,66,75,10.29,US,2020-10-27 03:31:15
219,Saint Anthony,45.02,-93.22,24.8,67,1,4.5,US,2020-10-27 03:31:15
220,Seltso,53.37,34.1,41.0,93,0,8.95,RU,2020-10-27 03:31:15
221,General Roca,-39.03,-67.58,64.4,25,75,18.34,AR,2020-10-27 03:31:16
222,Ust-Nera,64.57,143.2,11.77,84,100,2.26,RU,2020-10-27 03:31:16
223,Bonavista,48.65,-53.11,37.99,73,36,13.29,CA,2020-10-27 03:31:16
224,Beloha,-25.17,45.05,73.04,68,0,2.04,MG,2020-10-27 03:31:16
225,Moose Factory,51.26,-80.61,23.0,62,40,10.29,CA,2020-10-27 03:31:17
226,Dhidhdhoo,6.88,73.1,82.89,70,1,4.74,MV,2020-10-27 03:31:17
227,Saint-Augustin,51.23,-58.65,33.21,82,100,9.35,CA,2020-10-27 03:31:17
228,Belluno,46.15,12.22,59.0,91,100,2.17,IT,2020-10-27 03:31:18
229,Puqi,29.72,113.88,70.54,55,49,3.49,CN,2020-10-27 03:31:18
230,Igarka,67.47,86.58,-1.25,89,0,6.06,RU,2020-10-27 03:31:18
231,Aykhal,66.0,111.5,-5.8,83,100,4.32,RU,2020-10-27 03:31:18
232,Belmonte,-15.86,-38.88,75.2,88,0,8.05,BR,2020-10-27 03:31:19
233,Namatanai,-3.67,152.43,85.98,62,36,3.13,PG,2020-10-27 03:31:19
234,Nikolskoye,59.7,30.79,50.0,87,75,6.71,RU,2020-10-27 03:31:19
235,Namibe,-15.2,12.15,68.56,83,16,2.28,AO,2020-10-27 03:27:23
236,Rabo De Peixe,37.8,-25.58,68.0,94,75,13.87,PT,2020-10-27 03:31:20
237,Hami,42.8,93.45,51.8,38,99,5.01,CN,2020-10-27 03:31:20
238,Portland,45.52,-122.68,44.01,56,1,0.78,US,2020-10-27 03:30:07
239,Panaba,21.28,-88.27,77.61,83,100,13.22,MX,2020-10-27 03:31:21
240,Wairoa,-39.03,177.37,59.0,92,99,15.01,NZ,2020-10-27 03:31:21
241,Yatou,37.15,122.38,68.5,48,2,6.58,CN,2020-10-27 03:31:21
242,Warrensburg,38.76,-93.74,30.2,92,90,4.7,US,2020-10-27 03:31:21
243,Tayturka,52.87,103.46,33.94,81,19,5.12,RU,2020-10-27 03:31:22
244,Nhulunbuy,-12.23,136.77,93.2,41,40,16.11,AU,2020-10-27 03:31:22
245,Sweetwater,25.76,-80.37,82.99,78,20,9.17,US,2020-10-27 03:31:22
246,Saldanha,-33.01,17.94,59.0,87,29,6.93,ZA,2020-10-27 03:31:22
247,Jacareacanga,-6.22,-57.75,75.16,89,1,0.69,BR,2020-10-27 03:31:23
248,Bud,39.45,-86.18,44.01,100,90,7.09,US,2020-10-27 03:31:23
249,Arcachon,44.59,-1.05,53.6,93,58,6.93,FR,2020-10-27 03:31:23
250,Wukari,7.85,9.78,73.4,91,79,3.31,NG,2020-10-27 03:31:23
251,Yar-Sale,66.83,70.83,6.3,95,21,4.97,RU,2020-10-27 03:31:24
252,Key West,24.56,-81.78,84.2,88,40,9.17,US,2020-10-27 03:31:09
253,Batemans Bay,-35.72,150.18,62.01,82,84,1.99,AU,2020-10-27 03:31:24
254,Paamiut,61.99,-49.67,30.78,89,1,22.19,GL,2020-10-27 03:31:24
255,Zhigansk,66.77,123.37,2.82,92,100,10.6,RU,2020-10-27 03:31:25
256,Opuwo,-18.06,13.84,63.14,50,25,0.81,NA,2020-10-27 03:31:25
257,Acapulco,16.86,-99.89,82.4,88,75,4.7,MX,2020-10-27 03:31:25
258,Bloemfontein,-29.12,26.21,62.6,77,40,9.17,ZA,2020-10-27 03:31:25
259,George Town,5.41,100.34,86.0,70,20,3.36,MY,2020-10-27 03:30:13
260,Iqaluit,63.75,-68.51,15.8,85,90,3.36,CA,2020-10-27 03:31:26
261,Noshiro,40.2,140.02,59.0,62,40,5.82,JP,2020-10-27 03:31:26
262,Les Cayes,18.2,-73.75,78.39,81,93,3.2,HT,2020-10-27 03:31:26
263,Gorontalo,0.54,123.06,89.44,56,98,8.72,ID,2020-10-27 03:26:44
264,Oussouye,12.48,-16.55,80.6,94,0,6.17,SN,2020-10-27 03:31:26
265,Eureka,40.8,-124.16,51.01,70,1,4.7,US,2020-10-27 03:31:27
266,Ternate,0.8,127.4,85.5,65,98,5.1,ID,2020-10-27 03:31:27
267,Eston,51.15,-108.75,24.8,58,75,6.93,CA,2020-10-27 03:31:27
268,Nyrob,60.73,56.72,17.46,96,12,4.23,RU,2020-10-27 03:31:27
269,Sombrerete,23.63,-103.65,56.59,55,1,6.15,MX,2020-10-27 03:31:28
270,Nova Odesa,47.31,31.79,53.6,93,20,15.66,UA,2020-10-27 03:31:28
271,Pevek,69.7,170.31,20.59,94,94,20.71,RU,2020-10-27 03:31:28
272,Sitka,57.05,-135.33,50.0,81,90,16.11,US,2020-10-27 03:31:28
273,Lagoa,39.05,-27.98,67.05,84,98,14.45,PT,2020-10-27 03:31:29
274,Ileza,61.05,43.9,30.36,97,100,8.5,RU,2020-10-27 03:31:29
275,Unguia,8.04,-77.09,76.35,88,52,1.12,CO,2020-10-27 03:31:29
276,Dvinskoy,62.15,45.12,29.39,97,100,6.87,RU,2020-10-27 03:31:29
277,Constitucion,-35.33,-72.42,50.45,81,100,8.08,CL,2020-10-27 03:31:30
278,Narovchat,53.88,43.69,31.59,96,15,5.84,RU,2020-10-27 03:31:30
279,Apatou,5.16,-54.35,73.74,96,8,2.28,GF,2020-10-27 03:31:30
280,Santa Cruz,-17.8,-63.17,69.8,77,75,5.82,BO,2020-10-27 03:28:57
281,Silver City,32.77,-108.28,48.2,66,90,13.87,US,2020-10-27 03:31:30
282,Goderich,43.75,-81.72,43.0,85,100,11.21,CA,2020-10-27 03:28:21
283,Mahebourg,-20.41,57.7,75.2,69,40,11.41,MU,2020-10-27 03:31:31
284,Tiksi,71.69,128.87,5.61,93,95,4.9,RU,2020-10-27 03:31:31
285,Natchez,31.56,-91.4,66.2,88,1,5.82,US,2020-10-27 03:31:32
286,Mangaratiba,-22.96,-44.04,69.8,88,20,3.36,BR,2020-10-27 03:31:32
287,Gondanglegi,-7.75,112.01,87.82,62,100,13.33,ID,2020-10-27 03:31:32
288,Shimoda,34.67,138.95,68.0,68,40,16.11,JP,2020-10-27 03:31:32
289,Fort Saint James,54.43,-124.25,45.09,78,100,17.2,CA,2020-10-27 03:31:33
290,Caravelas,-17.71,-39.25,72.9,91,7,4.05,BR,2020-10-27 03:31:33
291,Nyrany,49.71,13.21,45.0,100,90,8.05,CZ,2020-10-27 03:31:33
292,Thyboron,56.7,8.21,46.99,95,95,1.99,DK,2020-10-27 03:31:33
293,Liverpool,53.41,-2.98,46.4,87,61,10.29,GB,2020-10-27 03:31:33
294,Dawei,14.08,98.2,80.06,83,96,1.39,MM,2020-10-27 03:31:34
295,Nichinan,31.6,131.37,73.4,60,75,8.05,JP,2020-10-27 03:31:34
296,Paoua,7.24,16.44,68.11,74,13,1.66,CF,2020-10-27 03:31:34
297,Beyneu,45.32,55.2,38.44,74,0,7.16,KZ,2020-10-27 03:31:35
298,Verkhoyansk,67.54,133.38,10.81,93,100,1.68,RU,2020-10-27 03:31:35
299,Mae Sot,16.72,98.57,80.6,78,75,5.82,TH,2020-10-27 03:31:35
300,Gat,31.61,34.76,69.01,100,0,1.01,IL,2020-10-27 03:29:03
301,Nishihara,26.18,127.76,82.4,44,75,16.11,JP,2020-10-27 03:31:35
302,Troitskoye,52.98,84.68,42.57,67,100,12.1,RU,2020-10-27 03:31:36
303,Alta Floresta,-9.88,-56.09,71.8,87,43,1.34,BR,2020-10-27 03:27:10
304,Ust-Barguzin,53.45,108.98,31.57,85,3,3.29,RU,2020-10-27 03:31:36
305,Meiktila,20.87,95.87,84.06,72,0,6.91,MM,2020-10-27 03:31:36
306,Caruray,10.31,119.01,80.6,83,90,11.41,PH,2020-10-27 03:31:37
307,Henties Bay,-22.12,14.28,55.99,93,0,5.06,NA,2020-10-27 03:31:37
308,Husavik,66.04,-17.34,33.8,69,90,3.36,IS,2020-10-27 03:31:37
309,Broome,42.25,-75.83,48.0,93,90,12.75,US,2020-10-27 03:31:37
310,Alugan,12.22,125.48,85.39,69,91,10.31,PH,2020-10-27 03:31:37
311,Huarmey,-10.07,-78.15,63.57,83,64,7.85,PE,2020-10-27 03:31:38
312,Soyo,-6.13,12.37,75.94,86,100,4.47,AO,2020-10-27 03:31:38
313,Ostrovnoy,68.05,39.51,40.64,94,100,17.78,RU,2020-10-27 03:31:38
314,Praia,14.92,-23.51,77.0,83,75,8.05,CV,2020-10-27 03:31:38
315,Norden,53.6,7.2,46.4,87,14,13.87,DE,2020-10-27 03:31:38
316,Ust-Kuyga,70.02,135.6,5.09,88,100,1.28,RU,2020-10-27 03:31:39
317,Vanimo,-2.67,141.3,85.3,61,4,5.5,PG,2020-10-27 03:31:39
318,Muros,42.78,-9.06,57.99,82,100,15.01,ES,2020-10-27 03:31:39
319,Pampa,35.54,-100.96,21.2,92,90,17.36,US,2020-10-27 03:28:17
320,Lata,40.16,-8.33,54.0,89,58,3.24,PT,2020-10-27 03:31:40
321,Murray Bridge,-35.12,139.27,64.0,65,89,5.1,AU,2020-10-27 03:31:00
322,Lompoc,34.64,-120.46,55.4,76,1,4.7,US,2020-10-27 03:31:40
323,High Prairie,55.43,-116.49,45.0,80,100,15.21,CA,2020-10-27 03:31:40
324,Manokwari,-0.87,134.08,85.5,65,0,5.23,ID,2020-10-27 03:31:41
325,Olivet,47.86,1.9,46.0,100,0,9.17,FR,2020-10-27 03:31:41
326,Hovd,48.01,91.64,38.53,61,0,2.37,MN,2020-10-27 03:31:41
327,Port Hawkesbury,45.62,-61.35,45.0,100,90,10.29,CA,2020-10-27 03:31:42
328,Grand Forks,47.94,-97.43,17.6,72,20,16.11,US,2020-10-27 03:31:42
329,Sobolevo,54.43,31.9,41.68,93,5,8.34,RU,2020-10-27 03:31:42
330,Petropavlovsk-Kamchatskiy,53.05,158.65,46.4,75,54,4.47,RU,2020-10-27 03:31:42
331,Townsville,-19.25,146.8,84.2,66,75,6.93,AU,2020-10-27 03:31:42
332,Mezen,65.85,44.24,35.35,92,100,14.23,RU,2020-10-27 03:31:43
333,Deder,9.32,41.45,55.4,41,41,0.98,ET,2020-10-27 03:31:43
334,Agadez,19.75,10.25,65.84,25,0,7.38,NE,2020-10-27 03:31:43
335,Faanui,-16.48,-151.75,80.62,78,100,17.6,PF,2020-10-27 03:31:44
336,Clyde River,70.47,-68.59,9.05,86,9,4.03,CA,2020-10-27 03:31:44
337,Vikhorevka,56.12,101.16,30.2,86,90,2.24,RU,2020-10-27 03:31:44
338,Kosh-Agach,50.0,88.67,31.8,80,100,3.13,RU,2020-10-27 03:31:44
339,Sendafa,9.15,39.03,48.11,55,4,2.77,ET,2020-10-27 03:31:44
340,Fairbanks,64.84,-147.72,26.6,86,90,8.05,US,2020-10-27 03:26:49
341,Piacabucu,-10.41,-36.43,76.98,82,33,14.54,BR,2020-10-27 03:31:45
342,Sakakah,29.97,40.21,66.2,13,0,6.93,SA,2020-10-27 03:31:45
343,Porto Belo,-27.16,-48.55,73.4,83,75,12.75,BR,2020-10-27 03:31:45
344,Obihiro,42.92,143.2,53.6,50,20,3.36,JP,2020-10-27 03:31:45
345,Grand Gaube,-20.01,57.66,77.0,69,1,7.0,MU,2020-10-27 03:31:45
346,Nador,35.17,-2.93,60.8,67,0,8.05,MA,2020-10-27 03:31:46
347,Lavrentiya,65.58,-171.0,30.88,92,16,3.87,RU,2020-10-27 03:31:46
348,Daura,11.55,11.41,73.72,22,66,8.55,NG,2020-10-27 03:31:46
349,Atlantic Beach,30.33,-81.4,77.0,83,20,14.99,US,2020-10-27 03:31:47
350,Aldan,58.6,125.39,14.38,95,100,5.77,RU,2020-10-27 03:31:47
351,Alofi,-19.06,-169.92,77.0,78,54,18.34,NU,2020-10-27 03:31:47
352,Mayo,38.89,-76.51,57.99,100,90,4.09,US,2020-10-27 03:27:58
353,Mali,12.08,-12.3,59.5,48,0,1.9,GN,2020-10-27 03:31:47
354,Beppu,33.27,131.49,68.0,68,20,9.17,JP,2020-10-27 03:31:48
355,Huaraz,-9.53,-77.53,55.76,66,99,3.04,PE,2020-10-27 03:31:48
356,Brigantine,39.41,-74.36,63.0,93,90,2.86,US,2020-10-27 03:31:48
357,Krasnoarmeysk,51.02,45.7,35.01,72,0,1.99,RU,2020-10-27 03:31:48
358,Juba,4.85,31.58,71.67,88,100,1.79,SS,2020-10-27 03:31:48
359,Pabrade,55.0,25.78,51.8,93,90,11.41,LT,2020-10-27 03:31:49
360,Shalakusha,62.22,40.25,39.34,93,100,8.39,RU,2020-10-27 03:31:49
361,Sinnamary,5.38,-52.95,79.65,84,16,8.5,GF,2020-10-27 03:31:49
362,Conway,35.09,-92.44,48.99,100,90,6.93,US,2020-10-27 03:29:34
363,Machacamarca,-18.17,-67.03,52.77,54,83,7.07,BO,2020-10-27 03:31:49
364,Wilmington,34.23,-77.94,62.6,93,1,2.77,US,2020-10-27 03:31:06
365,Joensuu,62.6,29.76,46.99,93,90,11.41,FI,2020-10-27 03:31:50
366,Leeton,-34.57,146.4,66.2,52,90,17.22,AU,2020-10-27 03:31:50
367,Kisangani,0.52,25.2,69.35,98,64,2.15,CD,2020-10-27 03:31:50
368,Katsuura,35.13,140.3,66.99,59,75,10.29,JP,2020-10-27 03:31:50
369,Lanzhou,36.06,103.79,42.01,93,100,2.73,CN,2020-10-27 03:31:51
370,Biryusinsk,55.96,97.82,34.03,96,99,6.02,RU,2020-10-27 03:31:51
371,Oktyabrskoye,43.06,44.74,46.0,100,21,2.24,RU,2020-10-27 03:31:51
372,Amahai,-3.33,128.92,83.12,72,100,6.02,ID,2020-10-27 03:31:52
373,Qui Nhon,13.77,109.23,79.74,74,100,17.83,VN,2020-10-27 03:31:52
374,Maues,-3.38,-57.72,78.87,74,1,0.56,BR,2020-10-27 03:31:52
375,Whithorn,18.26,-78.04,82.4,74,40,5.82,JM,2020-10-27 03:31:52
376,Palu,-0.89,119.87,85.53,68,100,3.27,ID,2020-10-27 03:31:52
377,Vieux-Habitants,16.06,-61.77,77.0,88,40,2.24,GP,2020-10-27 03:31:52
378,Mitsamiouli,-11.38,43.28,78.84,75,7,10.98,KM,2020-10-27 03:31:53
379,Pauini,-7.71,-66.98,75.7,87,84,1.21,BR,2020-10-27 03:31:53
380,Sungurlu,40.17,34.37,60.55,40,0,4.45,TR,2020-10-27 03:31:53
381,Villamartin,36.86,-5.64,48.99,93,0,4.7,ES,2020-10-27 03:31:53
382,Porbandar,21.64,69.61,78.8,47,0,3.36,IN,2020-10-27 03:31:53
383,Kruisfontein,-34.0,24.73,64.0,90,1,3.0,ZA,2020-10-27 03:31:54
384,Plettenberg Bay,-34.05,23.37,63.07,81,0,3.29,ZA,2020-10-27 03:31:54
385,Kaura Namoda,12.59,6.58,74.41,23,2,7.45,NG,2020-10-27 03:31:54
386,Biograd Na Moru,43.94,15.45,64.99,82,40,11.41,HR,2020-10-27 03:31:54
387,Victoria,22.29,114.16,82.0,57,23,13.87,HK,2020-10-27 03:30:05
388,Bom Jesus,-9.07,-44.36,74.93,88,99,3.76,BR,2020-10-27 03:31:54
389,Lahan,26.73,86.5,80.94,63,0,3.4,NP,2020-10-27 03:31:55
390,Morris,40.83,-74.53,55.99,93,90,2.06,US,2020-10-27 03:28:34
391,Baykit,61.67,96.37,18.75,92,68,5.37,RU,2020-10-27 03:31:55
392,Erenhot,43.65,111.98,42.73,43,0,12.01,CN,2020-10-27 03:31:55
393,Arrifes,37.77,-25.7,68.0,94,75,13.87,PT,2020-10-27 03:31:56
394,San Policarpo,12.18,125.51,84.85,71,91,10.45,PH,2020-10-27 03:31:56
395,Berdigestyakh,62.1,126.7,12.33,90,100,7.74,RU,2020-10-27 03:31:56
396,Aswan,24.09,32.91,72.97,33,0,9.24,EG,2020-10-27 03:31:57
397,Akdepe,42.06,59.38,42.8,81,0,6.93,TM,2020-10-27 03:31:57
398,Vestmanna,62.16,-7.17,33.8,75,29,4.07,FO,2020-10-27 03:31:57
399,Isangel,-19.55,169.27,84.2,58,75,11.41,VU,2020-10-27 03:31:57
400,Narrabri,-30.32,149.78,80.6,24,25,9.17,AU,2020-10-27 03:31:57
401,Ginda,30.69,78.49,66.27,26,0,3.02,IN,2020-10-27 03:31:58
402,Sinop,41.77,34.87,56.44,61,17,2.73,TR,2020-10-27 03:31:58
403,Koslan,63.46,48.9,23.29,97,99,7.92,RU,2020-10-27 03:31:58
404,Springdale,36.19,-94.13,35.6,96,90,6.93,US,2020-10-27 03:30:01
405,Nesna,66.2,13.02,35.01,89,10,1.01,NO,2020-10-27 03:31:59
406,Tasiilaq,65.61,-37.64,32.0,91,100,21.92,GL,2020-10-27 03:31:59
407,Gizo,-8.1,156.84,82.65,73,87,3.4,SB,2020-10-27 03:31:59
408,Korla,41.76,86.15,50.92,41,45,7.92,CN,2020-10-27 03:31:59
409,The Valley,18.22,-63.06,82.4,78,40,13.87,AI,2020-10-27 03:27:20
410,Conceicao Do Araguaia,-8.26,-49.26,74.59,89,100,2.82,BR,2020-10-27 03:32:00
411,Chengde,40.97,117.94,52.47,35,50,9.95,CN,2020-10-27 03:32:00
412,Hay River,60.82,-115.8,24.8,100,90,12.75,CA,2020-10-27 03:32:00
413,Carhuamayo,-10.92,-76.03,36.23,83,74,2.64,PE,2020-10-27 03:32:00
414,Bulgan,48.81,103.53,39.02,55,0,5.12,MN,2020-10-27 03:32:01
415,Belaya Gora,68.53,146.42,8.11,88,66,1.57,RU,2020-10-27 03:32:01
416,Quatre Cocos,-20.21,57.76,77.0,69,40,11.41,MU,2020-10-27 03:32:01
417,Bardiyah,31.76,25.09,67.53,70,0,6.53,LY,2020-10-27 03:32:01
418,Ancud,-41.87,-73.82,46.0,93,75,6.93,CL,2020-10-27 03:32:01
419,Prince Rupert,54.32,-130.32,51.8,100,90,6.93,CA,2020-10-27 03:32:02
420,Kindu,-2.95,25.95,69.93,98,100,3.0,CD,2020-10-27 03:32:02
421,Sambava,-14.27,50.17,75.02,72,3,7.27,MG,2020-10-27 03:32:02
422,Itupiranga,-5.13,-49.33,74.53,94,100,2.39,BR,2020-10-27 03:32:02
423,Candelaria,13.93,121.42,80.58,87,96,7.52,PH,2020-10-27 03:32:03
424,Yaan,7.38,8.57,72.41,97,95,4.5,NG,2020-10-27 03:32:03
425,Meulaboh,4.14,96.13,85.35,64,53,2.75,ID,2020-10-27 03:32:03
426,Waipawa,-41.41,175.52,50.0,87,100,23.04,NZ,2020-10-27 03:32:03
427,Yafran,32.06,12.53,58.01,83,0,6.06,LY,2020-10-27 03:32:03
428,Nalut,30.33,10.85,59.31,47,0,5.86,LY,2020-10-27 03:32:04
429,Luwuk,-0.95,122.79,88.41,54,86,5.84,ID,2020-10-27 03:32:04
430,Felanitx,39.47,3.15,60.8,51,20,6.93,ES,2020-10-27 03:32:04
431,Straumen,63.87,11.3,44.01,80,0,8.05,NO,2020-10-27 03:32:04
432,Kizema,61.11,44.83,29.79,96,100,7.43,RU,2020-10-27 03:32:05
433,Kitimat,54.05,-128.65,50.0,95,100,3.0,CA,2020-10-27 03:27:22
434,Kununurra,-15.77,128.73,87.8,58,27,11.41,AU,2020-10-27 03:32:05
435,Listvyanka,51.85,104.87,33.8,74,0,8.95,RU,2020-10-27 03:32:05
436,Xapuri,-10.65,-68.5,74.64,94,100,0.98,BR,2020-10-27 03:32:06
437,Touros,-5.2,-35.46,78.8,83,20,6.93,BR,2020-10-27 03:32:06
438,Kawalu,-7.38,108.21,79.99,78,99,5.17,ID,2020-10-27 03:32:06
439,Beringovskiy,63.05,179.32,32.77,88,0,4.65,RU,2020-10-27 03:32:06
440,Vila Franca Do Campo,37.72,-25.43,68.0,94,75,13.87,PT,2020-10-27 03:32:06
441,Beberibe,-4.18,-38.13,78.8,83,0,5.82,BR,2020-10-27 03:27:34
442,Ghanzi,-21.57,21.78,65.89,29,35,7.83,BW,2020-10-27 03:32:07
443,Jieshi,22.81,115.83,82.0,54,28,1.01,CN,2020-10-27 03:32:07
444,Micheweni,-4.97,39.83,78.49,78,25,4.7,TZ,2020-10-27 03:32:07
445,Benguela,-12.58,13.41,74.5,80,66,5.75,AO,2020-10-27 03:32:07
446,De-Kastri,51.47,140.78,44.28,59,3,1.5,RU,2020-10-27 03:32:08
447,Rudbar,30.15,62.6,70.68,19,0,2.08,AF,2020-10-27 03:32:08
448,Camapua,-19.53,-54.04,70.29,89,100,1.3,BR,2020-10-27 03:32:08
449,Taklisah,36.78,10.63,62.6,82,40,5.82,TN,2020-10-27 03:32:08
450,Sangar,63.92,127.47,9.19,94,100,8.5,RU,2020-10-27 03:32:08
451,Kostomuksha,64.57,30.58,43.56,97,100,7.9,RU,2020-10-27 03:32:09
452,Barreirinhas,-2.75,-42.83,78.75,82,76,8.77,BR,2020-10-27 03:32:09
453,Arman,59.7,150.17,36.82,74,50,9.6,RU,2020-10-27 03:32:09
454,Carballo,43.21,-8.69,55.4,82,20,10.29,ES,2020-10-27 03:32:09
455,Srednekolymsk,67.45,153.68,10.18,91,0,4.76,RU,2020-10-27 03:32:10
456,Smoky Lake,54.12,-112.47,35.01,98,100,4.0,CA,2020-10-27 03:32:10
457,Gambela,8.25,34.58,68.65,86,1,4.32,ET,2020-10-27 03:32:10
458,Mangai,-4.05,19.53,68.58,99,89,0.81,CD,2020-10-27 03:32:10
459,Lorengau,-2.02,147.27,82.26,77,89,5.01,PG,2020-10-27 03:32:10
460,Bongandanga,1.5,21.05,68.63,99,89,2.55,CD,2020-10-27 03:32:11
461,Raga,8.46,25.68,70.32,75,99,2.37,SS,2020-10-27 03:32:11
462,Olafsvik,64.89,-23.71,40.14,72,100,19.77,IS,2020-10-27 03:32:11
463,Ayan,56.45,138.17,36.12,68,1,3.44,RU,2020-10-27 03:32:11
464,Anicuns,-16.46,-49.96,70.9,89,100,1.45,BR,2020-10-27 03:32:12
465,Raudeberg,61.99,5.14,48.0,79,97,8.32,NO,2020-10-27 03:32:12
466,Padang,-0.95,100.35,85.46,58,78,4.45,ID,2020-10-27 03:32:12
467,Port Macquarie,-31.43,152.92,75.99,54,89,1.01,AU,2020-10-27 03:29:00
468,Houlton,46.13,-67.84,37.4,93,90,8.88,US,2020-10-27 03:32:13
469,Montepuez,-13.13,39.0,70.84,79,8,2.17,MZ,2020-10-27 03:32:13
470,Eskil,38.4,33.41,61.11,37,96,8.5,TR,2020-10-27 03:32:13
471,Matara,5.95,80.54,85.32,67,44,6.67,LK,2020-10-27 03:32:13
472,Vilyuysk,63.76,121.62,12.61,90,82,5.32,RU,2020-10-27 03:32:14
473,Amalapuram,16.58,82.02,82.4,78,20,6.93,IN,2020-10-27 03:32:14
474,Vila Velha,-20.33,-40.29,72.0,88,0,4.7,BR,2020-10-27 03:31:58
475,Mazamari,-11.33,-74.53,73.54,71,44,1.77,PE,2020-10-27 03:32:14
476,San Juan De Arama,3.35,-73.89,72.7,84,26,3.24,CO,2020-10-27 03:32:14
477,Visby,57.64,18.3,53.01,93,100,11.41,SE,2020-10-27 03:32:15
478,Hirara,24.8,125.28,82.4,61,40,13.87,JP,2020-10-27 03:32:15
479,Kindia,10.06,-12.87,68.9,83,100,1.99,GN,2020-10-27 03:32:15
480,College,64.86,-147.8,26.6,86,90,4.83,US,2020-10-27 03:30:08
481,Daru,-9.08,143.21,81.84,79,53,13.29,PG,2020-10-27 03:32:16
482,Oksovskiy,62.61,39.9,39.33,94,100,8.75,RU,2020-10-27 03:32:16
483,Coquimbo,-29.95,-71.34,51.8,93,0,3.36,CL,2020-10-27 03:31:32
484,Nouakchott,18.09,-15.98,77.0,69,0,1.12,MR,2020-10-27 03:32:16
485,Isola Della Scala,45.27,11.01,55.4,93,75,1.12,IT,2020-10-27 03:32:16
486,Aklavik,68.22,-135.01,8.6,84,75,9.17,CA,2020-10-27 03:32:16
487,Darhan,49.49,105.92,37.99,59,0,4.83,MN,2020-10-27 03:32:17
488,Jumla,29.27,82.18,62.62,23,0,2.3,NP,2020-10-27 03:32:17
489,Gubkinskiy,64.43,76.5,8.04,94,93,15.9,RU,2020-10-27 03:32:17
490,Vao,-22.67,167.48,73.31,81,12,18.9,NC,2020-10-27 03:32:18
491,Churapcha,62.0,132.43,21.29,95,100,8.34,RU,2020-10-27 03:32:18
492,Zhoucheng,35.91,116.31,70.0,1,100,10.16,CN,2020-10-27 03:32:18
493,Matanzas,23.04,-81.58,73.4,100,75,3.36,CU,2020-10-27 03:32:18
494,Auki,-8.77,160.7,83.97,74,100,1.36,SB,2020-10-27 03:32:18
495,Linxia,35.6,103.21,35.17,92,100,2.26,CN,2020-10-27 03:32:19
496,Taian,36.19,117.12,64.99,48,97,3.0,CN,2020-10-27 03:32:19
497,Merauke,-8.47,140.33,83.8,68,33,14.76,ID,2020-10-27 03:32:19
498,Altar,30.7,-111.82,53.01,19,0,4.0,MX,2020-10-27 03:32:19
499,Irece,-11.3,-41.86,74.91,73,92,1.07,BR,2020-10-27 03:32:19
500,Sohag,26.56,31.69,69.8,64,0,9.17,EG,2020-10-27 03:32:20
501,Kangaatsiaq,68.31,-53.46,22.68,93,16,8.41,GL,2020-10-27 03:32:20
502,Edremit,39.6,27.02,53.6,93,20,3.36,TR,2020-10-27 03:32:20
503,Krasnyy Chikoy,50.36,108.75,36.18,64,12,4.07,RU,2020-10-27 03:32:20
504,Road Town,18.42,-64.62,81.0,90,6,15.99,VG,2020-10-27 03:32:20
505,Hunchun,42.87,130.36,62.78,40,8,8.75,CN,2020-10-27 03:32:21
506,Umea,63.83,20.26,44.01,100,90,3.36,SE,2020-10-27 03:32:21
507,Seguela,7.96,-6.67,70.83,85,74,3.24,CI,2020-10-27 03:32:21
508,Hasaki,35.73,140.83,66.99,55,75,12.75,JP,2020-10-27 03:32:21
509,Urengoy,65.97,78.37,1.58,92,0,8.97,RU,2020-10-27 03:32:21
510,Alamor,-4.02,-80.02,57.88,95,88,3.11,EC,2020-10-27 03:32:22
511,Gongzhuling,43.5,124.82,45.95,50,0,11.05,CN,2020-10-27 03:32:22
512,Bar-Le-Duc,48.75,5.17,48.2,87,90,9.17,FR,2020-10-27 03:32:22
513,Blackwater,-23.58,148.88,89.24,25,88,8.99,AU,2020-10-27 03:32:22
514,Pangkalanbuun,-2.68,111.62,85.62,64,100,3.6,ID,2020-10-27 03:32:22
515,Yulara,-25.24,130.99,84.2,16,0,4.7,AU,2020-10-27 03:32:22
516,Guerrero Negro,27.98,-114.06,64.04,38,0,13.24,MX,2020-10-27 03:32:23
517,Murgud,16.4,74.2,77.99,73,0,7.25,IN,2020-10-27 03:32:23
518,Bathsheba,13.22,-59.52,80.6,78,75,21.92,BB,2020-10-27 03:32:23
519,Bilma,18.69,12.92,66.54,26,0,2.95,NE,2020-10-27 03:32:23
520,Mochudi,-24.42,26.15,69.8,40,0,9.17,BW,2020-10-27 03:32:23
521,Lasa,46.62,10.7,44.01,80,75,6.93,IT,2020-10-27 03:32:24
522,Kamsack,51.57,-101.9,19.4,79,1,8.05,CA,2020-10-27 03:32:24
523,Buluang,13.31,123.34,84.15,75,100,2.55,PH,2020-10-27 03:32:24
524,Noumea,-22.28,166.46,89.6,40,20,9.17,NC,2020-10-27 03:32:24
525,Upata,8.01,-62.4,77.0,85,100,1.99,VE,2020-10-27 03:32:25
526,Klyuchi,52.27,79.17,52.21,48,57,20.27,RU,2020-10-27 03:32:25
527,Manggar,-2.88,108.27,79.36,82,100,4.59,ID,2020-10-27 03:32:25
528,Kargasok,59.06,80.86,29.03,98,100,15.37,RU,2020-10-27 03:32:25
529,Kabo,7.7,18.63,71.29,78,36,1.19,CF,2020-10-27 03:32:26
530,Matay,28.42,30.78,66.07,92,0,8.16,EG,2020-10-27 03:32:26
531,Wyndham,37.7,-77.61,59.0,93,90,3.36,US,2020-10-27 03:32:26
532,West Wendover,40.74,-114.07,32.0,67,1,1.03,US,2020-10-27 03:32:26
533,Ambulu,-8.35,113.61,82.9,75,99,6.13,ID,2020-10-27 03:32:27
534,Elizabeth City,36.29,-76.25,61.0,99,0,2.95,US,2020-10-27 03:32:27
535,Manzanillo,20.34,-77.12,76.55,82,100,4.27,CU,2020-10-27 03:32:27
536,Cayenne,4.93,-52.33,77.0,100,20,1.12,GF,2020-10-27 03:31:10
537,Najran,17.49,44.13,55.4,30,0,1.36,SA,2020-10-27 03:28:36
538,Krasnoselkup,65.7,82.47,0.01,90,0,10.22,RU,2020-10-27 03:32:28
539,Sur,22.57,59.53,76.51,45,0,1.5,OM,2020-10-27 03:32:28
540,Holbeach,52.8,0.01,43.0,87,0,9.98,GB,2020-10-27 03:32:28
541,Dakar,14.69,-17.44,75.2,100,0,2.24,SN,2020-10-27 03:28:09
542,Alekseyevsk,57.84,108.35,25.43,90,67,6.62,RU,2020-10-27 03:32:28
543,Bonthe,7.53,-12.51,77.58,86,38,3.51,SL,2020-10-27 03:32:29
544,Aripuana,-9.17,-60.63,72.97,97,100,1.92,BR,2020-10-27 03:32:29
545,Moron,-34.65,-58.62,62.01,65,0,4.32,AR,2020-10-27 03:32:29
546,Rantepao,-2.97,119.9,83.75,50,94,4.61,ID,2020-10-27 03:29:59
547,Esterhazy,50.65,-102.08,14.23,93,6,8.08,CA,2020-10-27 03:32:29
548,Wonogiri,-7.81,110.93,82.4,74,20,9.17,ID,2020-10-27 03:32:30
549,Svetlogorsk,52.63,29.73,44.15,84,19,8.75,BY,2020-10-27 03:32:30
550,Tecoanapa,16.52,-98.75,80.37,88,100,4.7,MX,2020-10-27 03:32:30
551,Kloulklubed,7.04,134.26,82.4,83,75,5.82,PW,2020-10-27 03:32:30
552,Maceio,-9.67,-35.74,73.4,94,75,4.7,BR,2020-10-27 03:32:30
553,Naranjito,-2.22,-79.48,73.4,78,75,16.11,EC,2020-10-27 03:32:31
554,Oga,46.46,10.35,39.0,86,75,5.82,IT,2020-10-27 03:32:31
555,Nizhniy Kuranakh,58.84,125.49,18.25,93,100,4.38,RU,2020-10-27 03:32:31
556,Toktogul,41.87,72.94,53.87,38,0,0.69,KG,2020-10-27 03:32:31
557,Talavera,15.62,120.93,87.8,70,75,9.17,PH,2020-10-27 03:32:31
558,Ponta Delgada,37.73,-25.67,68.0,94,75,13.87,PT,2020-10-27 03:32:32
559,Batagay-Alyta,67.8,130.41,10.53,94,100,1.66,RU,2020-10-27 03:32:32
560,Buri,-23.8,-48.59,66.11,93,65,2.82,BR,2020-10-27 03:32:32
561,Emba,48.83,58.14,30.83,89,0,20.92,KZ,2020-10-27 03:32:32
562,Shache,38.42,77.24,57.47,31,9,2.3,CN,2020-10-27 03:32:32
563,Lumphat,13.49,106.98,87.22,70,83,1.45,KH,2020-10-27 03:32:33
564,Ulaangom,49.98,92.07,32.68,81,77,3.8,MN,2020-10-27 03:32:33
565,Sioux Lookout,50.1,-91.92,23.0,62,5,9.17,CA,2020-10-27 03:32:33
566,Yalkhoy-Mokhk,43.11,46.19,55.4,93,90,6.71,RU,2020-10-27 03:32:33
567,Roma,43.21,-75.46,46.4,93,90,9.17,US,2020-10-27 03:27:58
568,Nehe,48.48,124.83,43.61,58,0,12.33,CN,2020-10-27 03:32:34
569,Yuzhne,46.62,31.1,62.6,100,40,4.47,UA,2020-10-27 03:32:34
570,Mocuba,-16.84,36.99,71.83,90,25,1.7,MZ,2020-10-27 03:32:34
571,Bauta,22.98,-82.55,77.0,100,20,5.82,CU,2020-10-27 03:32:34
572,Zaysan,47.47,84.87,46.58,49,92,4.5,KZ,2020-10-27 03:32:34
573,Watsa,3.04,29.54,62.71,100,53,2.39,CD,2020-10-27 03:32:35
574,Papara,-3.98,-38.73,80.01,83,0,5.82,BR,2020-10-27 03:32:35
575,Chaah,2.25,103.05,91.22,53,25,5.28,MY,2020-10-27 03:32:35
576,Harper,4.38,-7.72,77.36,88,77,6.06,LR,2020-10-27 03:32:35
577,Sept-Iles,50.2,-66.38,30.99,100,90,13.87,CA,2020-10-27 03:32:36
578,Glenwood Springs,39.55,-107.32,10.99,84,90,8.05,US,2020-10-27 03:31:54
579,Hervey Bay,-25.3,152.85,80.01,80,100,4.0,AU,2020-10-27 03:32:36
580,Monster,52.03,4.17,48.99,96,16,4.0,NL,2020-10-27 03:32:36
581,Roald,62.58,6.13,46.99,87,64,2.24,NO,2020-10-27 03:32:36
582,Escanaba,45.75,-87.06,30.2,80,90,4.7,US,2020-10-27 03:27:55
583,Carutapera,-1.2,-46.02,78.22,85,75,6.02,BR,2020-10-27 03:32:37
584,Ariquemes,-9.91,-63.04,77.32,72,59,1.05,BR,2020-10-27 03:32:37
585,Antofagasta,-23.65,-70.4,59.0,72,90,6.93,CL,2020-10-27 03:31:26
586,Coahuayana,18.73,-103.68,79.14,89,95,2.26,MX,2020-10-27 03:32:38
587,Horsham,51.06,-0.33,48.0,93,0,4.7,GB,2020-10-27 03:32:38
588,Ishigaki,24.34,124.16,82.4,69,20,17.22,JP,2020-10-27 03:32:38
589,Lethem,3.38,-59.8,79.66,71,23,11.45,GY,2020-10-27 03:32:38
590,Quanzhou,24.91,118.59,80.6,54,0,13.42,CN,2020-10-27 03:32:38
591,Puerto Ayacucho,5.66,-67.62,75.83,93,100,3.29,VE,2020-10-27 03:32:38
592,Innisfail,-17.53,146.03,81.03,68,84,6.4,AU,2020-10-27 03:32:39
593,Samarai,-10.62,150.67,83.17,74,99,6.98,PG,2020-10-27 03:32:39
594,Asfi,32.3,-9.24,62.02,73,2,18.16,MA,2020-10-27 03:32:39
595,Adrar,20.5,-10.07,81.86,15,43,7.18,MR,2020-10-27 03:32:40
596,Galesong,-5.32,119.37,89.6,62,20,6.93,ID,2020-10-27 03:32:40
